id,image_url,product_id
1,https://drive.google.com/file/d/1aIEK4z7mfnyMZEQJHfwi3f7Z3rjArj1C/view?usp=sharing,1
2,https://drive.google.com/file/d/1Vcv32Vu4BoKy5OWWLyHUyvzGH8iXyD3a/view?usp=sharing,2
3,https://drive.google.com/file/d/1XpwX0xPAA_1AO6tF9v3AoZpls9hhj3hS/view?usp=sharing,3
4,https://drive.google.com/file/d/1pwpZZ0dmcd3djB1Mz36_jQ3dH649PbFf/view?usp=sharing,4
5,https://drive.google.com/file/d/1-n51A-jgLbA1nIDcbzQcByGQQ57Ck3-b/view?usp=sharing,5
6,https://drive.google.com/file/d/1QUDlmu9gJkC8XJ8_p15DO9rRK0pvgZiT/view?usp=sharing,6
7,https://drive.google.com/file/d/1sNpVx3cweLhAa4rD-0ZmysIzwmz6kfbV/view?usp=sharing,7
8,https://drive.google.com/file/d/13w01ul__cgyEnG9TyAPSzWSGEO60qihl/view?usp=sharing,8
9,https://drive.google.com/file/d/1qzdjjpPmeFnWh2RBze4bLi6u5r-9INQH/view?usp=sharing,9
10,https://drive.google.com/file/d/18hTmM8wTmlDEo59boIVOeGiVZx3lps4l/view?usp=sharing,10
11,https://drive.google.com/file/d/11k6RzISVHV21jvCE-VOevho35iRAT0je/view?usp=sharing,11
12,https://drive.google.com/file/d/1ehYcLulCfyk-vpaWsXIPyqeb2pxwIwG1/view?usp=sharing,12
13,https://drive.google.com/file/d/1PpmGPndFf9SqVYuj9QUUU8oAJgqgtpAY/view?usp=sharing,13
14,https://drive.google.com/file/d/1G3zBZtB7DmGCe4bwjERRxGDxPOWuUAdV/view?usp=sharing,14
15,https://drive.google.com/file/d/1tLD1MiM1_WuTRX8b7XQto7ERt9pPRUNA/view?usp=sharing,15
16,https://drive.google.com/file/d/1W2-fLgN9gS_TTRYUsaMJDulWMd3bzPLR/view?usp=sharing,16
17,https://drive.google.com/file/d/1QCTFXA0AsiBjp6PikJolK_ivvCA5OQJn/view?usp=sharing,17
18,https://drive.google.com/file/d/1mwshvYLdDKBW1sXNyjQq37-tEqTHZqyD/view?usp=sharing,18
19,https://drive.google.com/file/d/1yFZ_6FKYkMOrg_1dPWr6vuvh2uowJ6Y4/view?usp=sharing,19
20,https://drive.google.com/file/d/1LE2jkduHOjvYXgOYm5M_KXZo8NpH8vQk/view?usp=sharing,20
21,https://drive.google.com/file/d/10pRIr2ZQbaMm5b-ujmn5VhzdD_OwAP0u/view?usp=sharing,21
22,https://drive.google.com/file/d/12TCUme7QMz7xwp0BTsSguBekMs35X8Jr/view?usp=sharing,22
23,https://drive.google.com/file/d/1x_pyn60_SHBbAoua65HQQsIq4YYISjym/view?usp=sharing,23
24,https://drive.google.com/file/d/13eEOy66QRCDnWto44GhfZ72IoQ7HsPU2/view?usp=sharing,24
25,https://drive.google.com/file/d/1BTYAGgeQzCiFYpM0i2Lp7HUUkPxXp9bD/view?usp=sharing,25
26,https://drive.google.com/file/d/1BIA80aPD3u98fnXJ-pUX6a_Sv6_zkPDX/view?usp=sharing,26
27,https://drive.google.com/file/d/1QFP5XE4nfsoKexwAdH40UJEBf2qNdrDx/view?usp=sharing,27
28,https://drive.google.com/file/d/1WGJ033lAI5UhIRTM2r-hE4mqCFzowj6k/view?usp=sharing,28
29,https://drive.google.com/file/d/1eVmuToo2RvclhE2q4Em74t4PbComPRI1/view?usp=sharing,29
30,https://drive.google.com/file/d/1Xih_Be6S2wSYEeSCgWBbcQ7vlWyFL3lD/view?usp=sharing,30